num_words,encryption_time,decryption_time,alg_run
100,0.1087639331817627,0.059628963470458984,source_b
100,0.0048596858978271484,0.005180835723876953,source_c
100,0.0037598609924316406,0.0030701160430908203,source_e
100,0.06928801536560059,0.06183910369873047,source_b
100,0.004351139068603516,0.005033254623413086,source_c
100,0.003803253173828125,0.003139019012451172,source_e
100,0.07195615768432617,0.06241893768310547,source_b
100,0.005135774612426758,0.006017208099365234,source_c
100,0.0039827823638916016,0.0034339427947998047,source_e
100,0.07594704627990723,0.07639098167419434,source_b
100,0.006148815155029297,0.0063169002532958984,source_c
100,0.006396055221557617,0.0045168399810791016,source_e
100,0.09909701347351074,0.09040403366088867,source_b
100,0.006459951400756836,0.0071752071380615234,source_c
100,0.005174160003662109,0.004409074783325195,source_e
100,0.08807802200317383,0.06425070762634277,source_b
100,0.0044231414794921875,0.0052297115325927734,source_c
100,0.004167079925537109,0.0041811466217041016,source_e
100,0.06979012489318848,0.056340932846069336,source_b
100,0.004199981689453125,0.005143165588378906,source_c
100,0.003880023956298828,0.0037050247192382812,source_e
100,0.07351398468017578,0.06300902366638184,source_b
100,0.004265308380126953,0.005621671676635742,source_c
100,0.004954099655151367,0.0033380985260009766,source_e
100,0.07622194290161133,0.06413412094116211,source_b
100,0.0053577423095703125,0.005040168762207031,source_c
100,0.004073381423950195,0.003690004348754883,source_e
100,0.07493400573730469,0.06005716323852539,source_b
100,0.004418134689331055,0.004695892333984375,source_c
100,0.0038940906524658203,0.0034220218658447266,source_e
200,0.1488502025604248,0.12546801567077637,source_b
200,0.009567975997924805,0.010289907455444336,source_c
200,0.009096860885620117,0.006696939468383789,source_e
200,0.14506196975708008,0.12267589569091797,source_b
200,0.009572744369506836,0.010571956634521484,source_c
200,0.00927591323852539,0.00658726692199707,source_e
200,0.1439070701599121,0.12764382362365723,source_b
200,0.008460044860839844,0.011165857315063477,source_c
200,0.007668018341064453,0.006747007369995117,source_e
200,0.14003396034240723,0.12159991264343262,source_b
200,0.009802818298339844,0.011327028274536133,source_c
200,0.008194208145141602,0.006865024566650391,source_e
200,0.1460258960723877,0.12149620056152344,source_b
200,0.00849294662475586,0.011178970336914062,source_c
200,0.008006095886230469,0.006390094757080078,source_e
200,0.14330124855041504,0.1350998878479004,source_b
200,0.009487152099609375,0.01108407974243164,source_c
200,0.008139848709106445,0.008169889450073242,source_e
200,0.13181591033935547,0.11166119575500488,source_b
200,0.007667064666748047,0.010207891464233398,source_c
200,0.007196903228759766,0.006006002426147461,source_e
200,0.1298978328704834,0.10930514335632324,source_b
200,0.009254932403564453,0.010940074920654297,source_c
200,0.007542848587036133,0.007436037063598633,source_e
200,0.12273025512695312,0.1056058406829834,source_b
200,0.007949113845825195,0.009185075759887695,source_c
200,0.006575107574462891,0.0055429935455322266,source_e
200,0.13147902488708496,0.10571169853210449,source_b
200,0.00778508186340332,0.009109020233154297,source_c
200,0.006905078887939453,0.00586390495300293,source_e
300,0.19525814056396484,0.1725480556488037,source_b
300,0.011429071426391602,0.013811111450195312,source_c
300,0.010473966598510742,0.008834123611450195,source_e
300,0.18497323989868164,0.16928482055664062,source_b
300,0.012870073318481445,0.014638900756835938,source_c
300,0.010493040084838867,0.009638309478759766,source_e
300,0.2179720401763916,0.18560171127319336,source_b
300,0.013068914413452148,0.015543222427368164,source_c
300,0.011500120162963867,0.009894847869873047,source_e
300,0.2062079906463623,0.18207192420959473,source_b
300,0.012057781219482422,0.014628171920776367,source_c
300,0.011352062225341797,0.009407997131347656,source_e
300,0.1843559741973877,0.1756587028503418,source_b
300,0.011430978775024414,0.015367746353149414,source_c
300,0.011520862579345703,0.009061098098754883,source_e
300,0.20471596717834473,0.18868494033813477,source_b
300,0.013319730758666992,0.01576995849609375,source_c
300,0.011621952056884766,0.010710000991821289,source_e
300,0.21295619010925293,0.17870497703552246,source_b
300,0.012195110321044922,0.014294862747192383,source_c
300,0.011171817779541016,0.0092620849609375,source_e
300,0.19815897941589355,0.18727517127990723,source_b
300,0.012968063354492188,0.01506495475769043,source_c
300,0.010919809341430664,0.009269952774047852,source_e
300,0.2046222686767578,0.18454194068908691,source_b
300,0.012470006942749023,0.014287710189819336,source_c
300,0.010992050170898438,0.009191036224365234,source_e
300,0.19965791702270508,0.180131196975708,source_b
300,0.012877225875854492,0.015045166015625,source_c
300,0.012007951736450195,0.009444952011108398,source_e
400,0.2553279399871826,0.235001802444458,source_b
400,0.01730799674987793,0.020776987075805664,source_c
400,0.015757083892822266,0.013654947280883789,source_e
400,0.2729051113128662,0.24611711502075195,source_b
400,0.01747608184814453,0.02095484733581543,source_c
400,0.015824079513549805,0.013891935348510742,source_e
400,0.2767798900604248,0.2381880283355713,source_b
400,0.017068147659301758,0.019484758377075195,source_c
400,0.01420903205871582,0.012148857116699219,source_e
400,0.2689518928527832,0.2397441864013672,source_b
400,0.017136812210083008,0.019858121871948242,source_c
400,0.01441192626953125,0.012196063995361328,source_e
400,0.2612040042877197,0.22373509407043457,source_b
400,0.015787839889526367,0.019958019256591797,source_c
400,0.014169692993164062,0.01230001449584961,source_e
400,0.2611260414123535,0.2342970371246338,source_b
400,0.01905679702758789,0.02191901206970215,source_c
400,0.01534724235534668,0.013396978378295898,source_e
400,0.2656540870666504,0.23678207397460938,source_b
400,0.015438079833984375,0.019002199172973633,source_c
400,0.014470815658569336,0.012012958526611328,source_e
400,0.2755300998687744,0.23770999908447266,source_b
400,0.015637874603271484,0.018581151962280273,source_c
400,0.014066219329833984,0.01363372802734375,source_e
400,0.2707200050354004,0.2409679889678955,source_b
400,0.017351865768432617,0.020800113677978516,source_c
400,0.016313791275024414,0.013804197311401367,source_e
400,0.2891499996185303,0.23299574851989746,source_b
400,0.01695108413696289,0.019742965698242188,source_c
400,0.014812946319580078,0.014165163040161133,source_e
500,0.3549509048461914,0.2981560230255127,source_b
500,0.02064800262451172,0.025211334228515625,source_c
500,0.018745899200439453,0.016726016998291016,source_e
500,0.3481020927429199,0.2823617458343506,source_b
500,0.020753860473632812,0.02395796775817871,source_c
500,0.01763176918029785,0.015542984008789062,source_e
500,0.33545899391174316,0.2986898422241211,source_b
500,0.02271413803100586,0.028101205825805664,source_c
500,0.021035194396972656,0.017576217651367188,source_e
500,0.3603992462158203,0.3136608600616455,source_b
500,0.023265838623046875,0.026953935623168945,source_c
500,0.019675016403198242,0.016894102096557617,source_e
500,0.3459012508392334,0.30353403091430664,source_b
500,0.022289037704467773,0.025886058807373047,source_c
500,0.021075963973999023,0.018520832061767578,source_e
500,0.3402378559112549,0.308732271194458,source_b
500,0.022555828094482422,0.027588844299316406,source_c
500,0.01979207992553711,0.01781487464904785,source_e
500,0.3412637710571289,0.30476808547973633,source_b
500,0.021820783615112305,0.027554988861083984,source_c
500,0.02003312110900879,0.018167972564697266,source_e
500,0.35262203216552734,0.30768585205078125,source_b
500,0.020983219146728516,0.024808883666992188,source_c
500,0.019345760345458984,0.01740288734436035,source_e
500,0.3665928840637207,0.28736281394958496,source_b
500,0.020936965942382812,0.025303125381469727,source_c
500,0.01894998550415039,0.016414880752563477,source_e
500,0.32373785972595215,0.2818019390106201,source_b
500,0.020299911499023438,0.024677038192749023,source_c
500,0.018273115158081055,0.016026973724365234,source_e
600,0.40755391120910645,0.34194183349609375,source_b
600,0.023807048797607422,0.02931523323059082,source_c
600,0.022099018096923828,0.01924610137939453,source_e
600,0.39768385887145996,0.3320741653442383,source_b
600,0.024782896041870117,0.03239130973815918,source_c
600,0.023299217224121094,0.02328014373779297,source_e
600,0.40994715690612793,0.3378939628601074,source_b
600,0.023560762405395508,0.03214216232299805,source_c
600,0.026127099990844727,0.022616147994995117,source_e
600,0.42171597480773926,0.35602617263793945,source_b
600,0.02715897560119629,0.03398299217224121,source_c
600,0.0253751277923584,0.022473812103271484,source_e
600,0.3988771438598633,0.3451089859008789,source_b
600,0.0384061336517334,0.04803895950317383,source_c
600,0.030138015747070312,0.022346019744873047,source_e
600,0.40521812438964844,0.36092185974121094,source_b
600,0.026621103286743164,0.03361701965332031,source_c
600,0.025744199752807617,0.022153854370117188,source_e
600,0.4414050579071045,0.36701416969299316,source_b
600,0.025596141815185547,0.0314178466796875,source_c
600,0.02292919158935547,0.021200895309448242,source_e
600,0.43606114387512207,0.3810858726501465,source_b
600,0.03978610038757324,0.03214573860168457,source_c
600,0.02361893653869629,0.02059769630432129,source_e
600,0.44535183906555176,0.3448970317840576,source_b
600,0.02423691749572754,0.030186891555786133,source_c
600,0.02145099639892578,0.019999027252197266,source_e
600,0.4035649299621582,0.35529088973999023,source_b
600,0.026212215423583984,0.03418779373168945,source_c
600,0.023764848709106445,0.021806955337524414,source_e
700,0.4933500289916992,0.42297911643981934,source_b
700,0.02803206443786621,0.036051273345947266,source_c
700,0.026627063751220703,0.026108741760253906,source_e
700,0.4792001247406006,0.39624905586242676,source_b
700,0.02911067008972168,0.035752058029174805,source_c
700,0.025936126708984375,0.023913860321044922,source_e
700,0.4441678524017334,0.3858051300048828,source_b
700,0.02751898765563965,0.034912109375,source_c
700,0.025467872619628906,0.02949690818786621,source_e
700,0.5421180725097656,0.469728946685791,source_b
700,0.028640031814575195,0.03587603569030762,source_c
700,0.02643108367919922,0.02464580535888672,source_e
700,0.4692831039428711,0.42748403549194336,source_b
700,0.03227710723876953,0.040350914001464844,source_c
700,0.02789616584777832,0.030490875244140625,source_e
700,0.4698619842529297,0.4176969528198242,source_b
700,0.031623125076293945,0.0396728515625,source_c
700,0.02750682830810547,0.024245023727416992,source_e
700,0.4625711441040039,0.4136509895324707,source_b
700,0.03125286102294922,0.040060997009277344,source_c
700,0.028560161590576172,0.025321006774902344,source_e
700,0.4730417728424072,0.4282097816467285,source_b
700,0.032299041748046875,0.04027867317199707,source_c
700,0.02747511863708496,0.023602008819580078,source_e
700,0.4822201728820801,0.43428802490234375,source_b
700,0.03257322311401367,0.039354801177978516,source_c
700,0.02706289291381836,0.025731801986694336,source_e
700,0.48255085945129395,0.4154229164123535,source_b
700,0.030864715576171875,0.03763604164123535,source_c
700,0.026128768920898438,0.02448415756225586,source_e
800,0.5479600429534912,0.4816262722015381,source_b
800,0.03481721878051758,0.04369306564331055,source_c
800,0.03109002113342285,0.0290071964263916,source_e
800,0.5370769500732422,0.47907209396362305,source_b
800,0.031909942626953125,0.042340993881225586,source_c
800,0.03052806854248047,0.029067039489746094,source_e
800,0.5473778247833252,0.4852170944213867,source_b
800,0.03391575813293457,0.04284095764160156,source_c
800,0.03131890296936035,0.029540061950683594,source_e
800,0.5309579372406006,0.4826500415802002,source_b
800,0.03245282173156738,0.044400691986083984,source_c
800,0.03220701217651367,0.028313875198364258,source_e
800,0.5531032085418701,0.4894850254058838,source_b
800,0.03400397300720215,0.043946027755737305,source_c
800,0.03129076957702637,0.029979944229125977,source_e
800,0.5472030639648438,0.4821779727935791,source_b
800,0.033364057540893555,0.04321122169494629,source_c
800,0.030743122100830078,0.02884984016418457,source_e
800,0.5187749862670898,0.47356605529785156,source_b
800,0.03169679641723633,0.04082298278808594,source_c
800,0.02983713150024414,0.02805781364440918,source_e
800,0.5442090034484863,0.48707103729248047,source_b
800,0.034368038177490234,0.04632902145385742,source_c
800,0.03230118751525879,0.031729936599731445,source_e
800,0.5789680480957031,0.5455927848815918,source_b
800,0.043000221252441406,0.055895090103149414,source_c
800,0.03413128852844238,0.033004045486450195,source_e
800,0.580211877822876,0.470991849899292,source_b
800,0.03478503227233887,0.044587135314941406,source_c
800,0.03166794776916504,0.029991865158081055,source_e
900,0.6182899475097656,0.5339269638061523,source_b
900,0.037312984466552734,0.049291133880615234,source_c
900,0.03558206558227539,0.034497976303100586,source_e
900,0.6090397834777832,0.525252103805542,source_b
900,0.03704094886779785,0.04928302764892578,source_c
900,0.034261226654052734,0.03374600410461426,source_e
900,0.6676981449127197,0.5646579265594482,source_b
900,0.038472890853881836,0.05134391784667969,source_c
900,0.035868167877197266,0.034528255462646484,source_e
900,0.601391077041626,0.5223000049591064,source_b
900,0.03833889961242676,0.04970121383666992,source_c
900,0.03469586372375488,0.032946109771728516,source_e
900,0.6092710494995117,0.5227572917938232,source_b
900,0.03739023208618164,0.04996991157531738,source_c
900,0.03588700294494629,0.0338129997253418,source_e
900,0.6123089790344238,0.5219378471374512,source_b
900,0.03710222244262695,0.048355817794799805,source_c
900,0.035080909729003906,0.0338282585144043,source_e
900,0.6210780143737793,0.5446858406066895,source_b
900,0.03810620307922363,0.05070900917053223,source_c
900,0.03458094596862793,0.03376603126525879,source_e
900,0.6320488452911377,0.527780294418335,source_b
900,0.03703880310058594,0.04883599281311035,source_c
900,0.035006046295166016,0.03454899787902832,source_e
900,0.6208698749542236,0.5416288375854492,source_b
900,0.04390382766723633,0.054918766021728516,source_c
900,0.0380399227142334,0.03289175033569336,source_e
900,0.6315069198608398,0.5281472206115723,source_b
900,0.037699222564697266,0.04938197135925293,source_c
900,0.038526058197021484,0.03628110885620117,source_e
1000,0.7329659461975098,0.6556260585784912,source_b
1000,0.04589986801147461,0.05980372428894043,source_c
1000,0.042276859283447266,0.05862283706665039,source_e
1000,0.7402908802032471,0.6199080944061279,source_b
1000,0.04390716552734375,0.05680990219116211,source_c
1000,0.0463409423828125,0.044853925704956055,source_e
1000,0.7419512271881104,0.6488869190216064,source_b
1000,0.043910980224609375,0.05588030815124512,source_c
1000,0.03984808921813965,0.03901481628417969,source_e
1000,0.7335679531097412,0.6542658805847168,source_b
1000,0.04367685317993164,0.06228208541870117,source_c
1000,0.0408170223236084,0.04172110557556152,source_e
1000,0.7954249382019043,0.7744958400726318,source_b
1000,0.06098198890686035,0.06713390350341797,source_c
1000,0.04841494560241699,0.046401023864746094,source_e
1000,0.7697269916534424,0.6696431636810303,source_b
1000,0.04470992088317871,0.060075998306274414,source_c
1000,0.04239010810852051,0.04421806335449219,source_e
1000,0.8574409484863281,0.8300826549530029,source_b
1000,0.05380821228027344,0.0818631649017334,source_c
1000,0.05216479301452637,0.05088210105895996,source_e
1000,0.9201478958129883,0.6721799373626709,source_b
1000,0.0433657169342041,0.059213876724243164,source_c
1000,0.043227195739746094,0.04650306701660156,source_e
1000,0.8089871406555176,0.667478084564209,source_b
1000,0.04739713668823242,0.0645456314086914,source_c
1000,0.046450138092041016,0.04466724395751953,source_e
1000,0.7382590770721436,0.6551961898803711,source_b
1000,0.04968667030334473,0.06512093544006348,source_c
1000,0.04527425765991211,0.043029069900512695,source_e
1100,0.8048698902130127,0.6974599361419678,source_b
1100,0.05122804641723633,0.06512832641601562,source_c
1100,0.048913002014160156,0.0482029914855957,source_e
1100,0.8070180416107178,0.7032690048217773,source_b
1100,0.047811031341552734,0.06382894515991211,source_c
1100,0.046267032623291016,0.044593095779418945,source_e
1100,0.8303248882293701,0.6874809265136719,source_b
1100,0.049880027770996094,0.06903290748596191,source_c
1100,0.04515194892883301,0.04694676399230957,source_e
1100,0.7793259620666504,0.6767239570617676,source_b
1100,0.049941062927246094,0.06891989707946777,source_c
1100,0.05040121078491211,0.04785799980163574,source_e
1100,0.830430269241333,0.6977748870849609,source_b
1100,0.04832792282104492,0.06558489799499512,source_c
1100,0.04487013816833496,0.04393887519836426,source_e
1100,0.8063209056854248,0.7011950016021729,source_b
1100,0.05000805854797363,0.06729769706726074,source_c
1100,0.04326796531677246,0.04326605796813965,source_e
1100,0.7927377223968506,0.69516921043396,source_b
1100,0.049928903579711914,0.0674591064453125,source_c
1100,0.047532081604003906,0.04616808891296387,source_e
1100,0.8260159492492676,0.7280538082122803,source_b
1100,0.05177807807922363,0.07244992256164551,source_c
1100,0.048235177993774414,0.049252986907958984,source_e
1100,0.8035440444946289,0.7026040554046631,source_b
1100,0.047672271728515625,0.06432795524597168,source_c
1100,0.04533720016479492,0.047430992126464844,source_e
1100,0.8158562183380127,0.7154629230499268,source_b
1100,0.05004382133483887,0.06809616088867188,source_c
1100,0.0479280948638916,0.04515886306762695,source_e
1200,0.8757660388946533,0.7594738006591797,source_b
1200,0.05568289756774902,0.07427215576171875,source_c
1200,0.05133223533630371,0.05198407173156738,source_e
1200,0.8655741214752197,0.7437224388122559,source_b
1200,0.0557551383972168,0.07327508926391602,source_c
1200,0.051824092864990234,0.05145096778869629,source_e
1200,0.8694882392883301,0.7648100852966309,source_b
1200,0.05237579345703125,0.07395195960998535,source_c
1200,0.05129218101501465,0.05200815200805664,source_e
1200,0.8739089965820312,0.7594199180603027,source_b
1200,0.05535697937011719,0.07415604591369629,source_c
1200,0.05098390579223633,0.052503108978271484,source_e
1200,0.8785359859466553,0.7716190814971924,source_b
1200,0.05201101303100586,0.07445812225341797,source_c
1200,0.052353858947753906,0.05435323715209961,source_e
1200,0.8870000839233398,0.7663660049438477,source_b
1200,0.0537569522857666,0.0724632740020752,source_c
1200,0.04828596115112305,0.04981589317321777,source_e
1200,0.9076430797576904,0.7721350193023682,source_b
1200,0.05437302589416504,0.07147693634033203,source_c
1200,0.04710197448730469,0.04753398895263672,source_e
1200,0.868873119354248,0.763159990310669,source_b
1200,0.055046796798706055,0.07275176048278809,source_c
1200,0.05031228065490723,0.05155801773071289,source_e
1200,0.8702762126922607,0.7955746650695801,source_b
1200,0.055294036865234375,0.07695794105529785,source_c
1200,0.0529019832611084,0.057962894439697266,source_e
1200,0.8830850124359131,0.765927791595459,source_b
1200,0.05992698669433594,0.08010387420654297,source_c
1200,0.05634784698486328,0.05587005615234375,source_e
1300,0.9671697616577148,0.8418512344360352,source_b
1300,0.06353402137756348,0.08498597145080566,source_c
1300,0.05545783042907715,0.057021141052246094,source_e
1300,0.9578769207000732,0.8266499042510986,source_b
1300,0.059166908264160156,0.08238005638122559,source_c
1300,0.05559492111206055,0.05728793144226074,source_e
1300,0.9208369255065918,0.7991187572479248,source_b
1300,0.06135892868041992,0.08366894721984863,source_c
1300,0.05808281898498535,0.05827522277832031,source_e
1300,0.9616372585296631,0.841850996017456,source_b
1300,0.06426596641540527,0.08434891700744629,source_c
1300,0.05872297286987305,0.058449745178222656,source_e
1300,0.9427978992462158,0.7931020259857178,source_b
1300,0.05900382995605469,0.08248496055603027,source_c
1300,0.05481696128845215,0.059059858322143555,source_e
1300,0.9479408264160156,0.8095190525054932,source_b
1300,0.060420989990234375,0.08189272880554199,source_c
1300,0.05387115478515625,0.05800986289978027,source_e
1300,0.95330810546875,0.8209383487701416,source_b
1300,0.06056332588195801,0.08218598365783691,source_c
1300,0.055779218673706055,0.05888104438781738,source_e
1300,0.9683408737182617,0.8236129283905029,source_b
1300,0.0627899169921875,0.08367300033569336,source_c
1300,0.05635786056518555,0.052464962005615234,source_e
1300,0.9847979545593262,0.8163490295410156,source_b
1300,0.06052112579345703,0.08270812034606934,source_c
1300,0.07806587219238281,0.08312392234802246,source_e
1300,1.0360798835754395,0.8392970561981201,source_b
1300,0.05536794662475586,0.07551217079162598,source_c
1300,0.05098915100097656,0.053913116455078125,source_e
1400,1.0056161880493164,0.9602103233337402,source_b
1400,0.06472992897033691,0.09544491767883301,source_c
1400,0.06786799430847168,0.08459901809692383,source_e
1400,1.154940128326416,0.8896119594573975,source_b
1400,0.06291007995605469,0.09088706970214844,source_c
1400,0.06108498573303223,0.0649409294128418,source_e
1400,1.151151180267334,1.013066291809082,source_b
1400,0.06331110000610352,0.08548903465270996,source_c
1400,0.05936694145202637,0.06641101837158203,source_e
1400,1.0323410034179688,0.8909869194030762,source_b
1400,0.06013798713684082,0.08721303939819336,source_c
1400,0.06386399269104004,0.06638383865356445,source_e
1400,1.0411427021026611,0.8958382606506348,source_b
1400,0.06873798370361328,0.09540820121765137,source_c
1400,0.06198406219482422,0.06701302528381348,source_e
1400,1.0299959182739258,0.8956530094146729,source_b
1400,0.06148195266723633,0.08139777183532715,source_c
1400,0.056173086166381836,0.059435129165649414,source_e
1400,0.9978623390197754,0.879702091217041,source_b
1400,0.10709309577941895,0.13871002197265625,source_c
1400,0.06290698051452637,0.06308817863464355,source_e
1400,1.0961849689483643,0.9200270175933838,source_b
1400,0.06644511222839355,0.08532094955444336,source_c
1400,0.05630803108215332,0.06339907646179199,source_e
1400,0.9900708198547363,0.8547682762145996,source_b
1400,0.05886697769165039,0.08047103881835938,source_c
1400,0.0556178092956543,0.05840802192687988,source_e
1400,0.9868440628051758,0.8495190143585205,source_b
1400,0.058016061782836914,0.08020830154418945,source_c
1400,0.05476880073547363,0.0624079704284668,source_e
1500,1.0976009368896484,0.9129080772399902,source_b
1500,0.07042813301086426,0.09861898422241211,source_c
1500,0.0650181770324707,0.07072210311889648,source_e
1500,1.0846679210662842,0.9337458610534668,source_b
1500,0.0653998851776123,0.10198497772216797,source_c
1500,0.0642549991607666,0.06964707374572754,source_e
1500,1.0776209831237793,0.8935229778289795,source_b
1500,0.06152796745300293,0.08571696281433105,source_c
1500,0.05756092071533203,0.06339502334594727,source_e
1500,1.0620689392089844,0.9485828876495361,source_b
1500,0.06449198722839355,0.09282588958740234,source_c
1500,0.0648491382598877,0.06766915321350098,source_e
1500,1.1507771015167236,1.5465948581695557,source_b
1500,0.07361721992492676,0.11350131034851074,source_c
1500,0.06241893768310547,0.06284284591674805,source_e
1500,1.0649888515472412,0.9288408756256104,source_b
1500,0.06859898567199707,0.09587883949279785,source_c
1500,0.06150102615356445,0.0614619255065918,source_e
1500,1.141714096069336,0.8915889263153076,source_b
1500,0.06306982040405273,0.09625601768493652,source_c
1500,0.06059598922729492,0.06218099594116211,source_e
1500,1.298086166381836,0.9743309020996094,source_b
1500,0.0657651424407959,0.09642171859741211,source_c
1500,0.06586003303527832,0.06891632080078125,source_e
1500,1.1957330703735352,1.0387399196624756,source_b
1500,0.06972026824951172,0.0991671085357666,source_c
1500,0.06429195404052734,0.07730722427368164,source_e
1500,1.1092662811279297,0.9969680309295654,source_b
1500,0.06589603424072266,0.10527586936950684,source_c
1500,0.07560491561889648,0.0874171257019043,source_e
1600,1.3165512084960938,0.9630169868469238,source_b
1600,0.06769585609436035,0.09818100929260254,source_c
1600,0.06274032592773438,0.07228899002075195,source_e
1600,1.1698048114776611,1.0067839622497559,source_b
1600,0.06875419616699219,0.09915471076965332,source_c
1600,0.06980681419372559,0.07871294021606445,source_e
1600,1.2272891998291016,1.016083002090454,source_b
1600,0.07404899597167969,0.09511995315551758,source_c
1600,0.06593465805053711,0.07527303695678711,source_e
1600,1.1673047542572021,1.029608964920044,source_b
1600,0.07051491737365723,0.10714173316955566,source_c
1600,0.06900811195373535,0.07287716865539551,source_e
1600,1.1188979148864746,0.9388220310211182,source_b
1600,0.06712603569030762,0.09407615661621094,source_c
1600,0.06220531463623047,0.06761693954467773,source_e
1600,1.1667609214782715,1.1191797256469727,source_b
1600,0.08146500587463379,0.10841822624206543,source_c
1600,0.06862115859985352,0.0750739574432373,source_e
1600,1.16404390335083,0.9888920783996582,source_b
1600,0.0682978630065918,0.10255312919616699,source_c
1600,0.06953096389770508,0.07573390007019043,source_e
1600,1.2049119472503662,0.983896017074585,source_b
1600,0.07515287399291992,0.10586428642272949,source_c
1600,0.06904220581054688,0.06864809989929199,source_e
1600,1.2019691467285156,1.0156018733978271,source_b
1600,0.07444405555725098,0.10545802116394043,source_c
1600,0.06841802597045898,0.07577705383300781,source_e
1600,1.1673579216003418,1.003777027130127,source_b
1600,0.07454180717468262,0.10079002380371094,source_c
1600,0.06492495536804199,0.07246208190917969,source_e
1700,1.2778069972991943,1.109971046447754,source_b
1700,0.08256268501281738,0.11823892593383789,source_c
1700,0.07601523399353027,0.08218717575073242,source_e
1700,1.2775542736053467,1.1062548160552979,source_b
1700,0.07783913612365723,0.1260678768157959,source_c
1700,0.0811159610748291,0.08960318565368652,source_e
1700,1.42103910446167,1.1359939575195312,source_b
1700,0.08142209053039551,0.12198400497436523,source_c
1700,0.07724595069885254,0.08487105369567871,source_e
1700,1.2936439514160156,1.123595952987671,source_b
1700,0.08377289772033691,0.11554312705993652,source_c
1700,0.06931114196777344,0.07482290267944336,source_e
1700,1.3283421993255615,1.1098871231079102,source_b
1700,0.07961392402648926,0.12975192070007324,source_c
1700,0.07506489753723145,0.07644200325012207,source_e
1700,1.398097038269043,1.1092112064361572,source_b
1700,0.07526993751525879,0.10400104522705078,source_c
1700,0.06863021850585938,0.07429099082946777,source_e
1700,1.19606614112854,1.028331995010376,source_b
1700,0.07144284248352051,0.11218500137329102,source_c
1700,0.0719900131225586,0.07610487937927246,source_e
1700,1.1950769424438477,1.0106518268585205,source_b
1700,0.07438993453979492,0.10845708847045898,source_c
1700,0.06790995597839355,0.07136988639831543,source_e
1700,1.2136750221252441,1.1645169258117676,source_b
1700,0.08483195304870605,0.11874198913574219,source_c
1700,0.07782411575317383,0.08831095695495605,source_e
1700,1.3404061794281006,1.1290907859802246,source_b
1700,0.08333683013916016,0.12080907821655273,source_c
1700,0.07921814918518066,0.0864262580871582,source_e
1800,1.3659498691558838,1.185964822769165,source_b
1800,0.08293008804321289,0.1258070468902588,source_c
1800,0.08457303047180176,0.09395503997802734,source_e
1800,1.4314351081848145,1.212742805480957,source_b
1800,0.0913839340209961,0.1315169334411621,source_c
1800,0.08335280418395996,0.09439206123352051,source_e
1800,1.3650648593902588,1.1532108783721924,source_b
1800,0.10702776908874512,0.15586090087890625,source_c
1800,0.1369771957397461,0.10661101341247559,source_e
1800,1.371772289276123,1.1822469234466553,source_b
1800,0.07886910438537598,0.12520599365234375,source_c
1800,0.07990503311157227,0.08897113800048828,source_e
1800,1.3413820266723633,1.1548349857330322,source_b
1800,0.08218598365783691,0.11655402183532715,source_c
1800,0.07471776008605957,0.0908200740814209,source_e
1800,1.3901689052581787,1.210125207901001,source_b
1800,0.07869982719421387,0.1099090576171875,source_c
1800,0.07809305191040039,0.09139704704284668,source_e
1800,1.3940858840942383,1.2085678577423096,source_b
1800,0.07670092582702637,0.11054301261901855,source_c
1800,0.07243585586547852,0.08828401565551758,source_e
1800,1.4100329875946045,1.2249557971954346,source_b
1800,0.08299112319946289,0.1281590461730957,source_c
1800,0.08046483993530273,0.09232306480407715,source_e
1800,1.3921208381652832,1.2257750034332275,source_b
1800,0.08452177047729492,0.1258378028869629,source_c
1800,0.0812070369720459,0.09280514717102051,source_e
1800,1.3878040313720703,1.169727087020874,source_b
1800,0.08693099021911621,0.11387491226196289,source_c
1800,0.07612490653991699,0.09104108810424805,source_e
1900,1.4592690467834473,1.246337890625,source_b
1900,0.09373283386230469,0.13437318801879883,source_c
1900,0.08701395988464355,0.09940886497497559,source_e
1900,1.4226469993591309,1.209622859954834,source_b
1900,0.08919787406921387,0.12999200820922852,source_c
1900,0.08124589920043945,0.09677791595458984,source_e
1900,1.444775104522705,1.2361459732055664,source_b
1900,0.08834409713745117,0.12794709205627441,source_c
1900,0.09963417053222656,0.1411271095275879,source_e
1900,1.6158766746520996,1.3228459358215332,source_b
1900,0.09780025482177734,0.13707518577575684,source_c
1900,0.0840601921081543,0.10438895225524902,source_e
1900,1.4964101314544678,1.2682921886444092,source_b
1900,0.09416413307189941,0.13068914413452148,source_c
1900,0.08082723617553711,0.09189510345458984,source_e
1900,1.3903710842132568,1.1901192665100098,source_b
1900,0.08809304237365723,0.12583613395690918,source_c
1900,0.0753629207611084,0.08763384819030762,source_e
1900,1.4175291061401367,1.2662310600280762,source_b
1900,0.09544205665588379,0.14242792129516602,source_c
1900,0.08730697631835938,0.09486103057861328,source_e
1900,1.4107320308685303,1.2469310760498047,source_b
1900,0.09001803398132324,0.12491011619567871,source_c
1900,0.08377790451049805,0.08631610870361328,source_e
1900,1.4709060192108154,1.2264740467071533,source_b
1900,0.09149813652038574,0.1265888214111328,source_c
1900,0.08858966827392578,0.087799072265625,source_e
1900,1.4180479049682617,1.2349958419799805,source_b
1900,0.09186601638793945,0.13223886489868164,source_c
1900,0.08122110366821289,0.09742069244384766,source_e
2000,1.5103847980499268,1.3693418502807617,source_b
2000,0.09743785858154297,0.13949799537658691,source_c
2000,0.09037208557128906,0.10228729248046875,source_e
2000,1.5378799438476562,1.2659258842468262,source_b
2000,0.10793089866638184,0.16971802711486816,source_c
2000,0.08936119079589844,0.09969592094421387,source_e
2000,1.4856140613555908,1.3135266304016113,source_b
2000,0.1103978157043457,0.17189598083496094,source_c
2000,0.0919501781463623,0.0953669548034668,source_e
2000,1.5605528354644775,1.2989888191223145,source_b
2000,0.09641313552856445,0.1388857364654541,source_c
2000,0.08938193321228027,0.10271430015563965,source_e
2000,1.4775497913360596,1.3138151168823242,source_b
2000,0.09515714645385742,0.19876408576965332,source_c
2000,0.11126708984375,0.10273098945617676,source_e
2000,1.416477918624878,1.2710621356964111,source_b
2000,0.09249615669250488,0.13555383682250977,source_c
2000,0.0839071273803711,0.10579299926757812,source_e
2000,1.5046541690826416,1.2770638465881348,source_b
2000,0.09278607368469238,0.14310097694396973,source_c
2000,0.08708000183105469,0.10153818130493164,source_e
2000,1.5201711654663086,1.2765519618988037,source_b
2000,0.096893310546875,0.14238429069519043,source_c
2000,0.08452773094177246,0.1013650894165039,source_e
2000,1.5573558807373047,1.2405312061309814,source_b
2000,0.08534908294677734,0.13654208183288574,source_c
2000,0.08683586120605469,0.1026449203491211,source_e
2000,1.4501781463623047,1.2305378913879395,source_b
2000,0.09285712242126465,0.14694595336914062,source_c
2000,0.09193897247314453,0.10436391830444336,source_e
